<?xml version="1.0" encoding="UTF-8" standalone="yes"?>
<addon id="script.placenta.artwork" version="1.0.0" name="Placenta Artwork" provider-name="Team Afterbirth">
	<requires>
		<import addon="xbmc.python" version="2.19.0"/>
	</requires>
	<extension point="xbmc.python.module" library="lib" />
	<extension point="xbmc.addon.metadata">
		<summary>Themes for the Placenta Addon</summary>
		<description>You are welcome! - Team Afterbirth (mr blamo and Muad'Dib)</description>
		<platform>all</platform>
	</extension>
</addon>
