<?xml version="1.0" encoding="UTF-8" standalone="yes"?>
<addon id="script.neptune.artwork" version="1.1.0" name="Neptune Rising Artwork" provider-name="Mr.Blamo">
	<requires>
		<import addon="xbmc.python" version="2.19.0"/>
	</requires>
	<extension point="xbmc.python.module" library="lib" />
	<extension point="xbmc.addon.metadata">
		<summary>Themes for the Neptune Rising Addon</summary>
		<description>Themes for Neptune Rising are maintained separately to make distribution of the the addon itself easier/faster.</description>
		<platform>all</platform>
	</extension>
</addon>
