<?xml version="1.0" encoding="UTF-8" standalone="yes"?>
<addon id="script.placenta.metadata" version="1.0.0" name="Placenta Metadata" provider-name="Team Afterbirth">
	<requires>
		<import addon="xbmc.python" version="2.19.0"/>
	</requires>
	<extension point="xbmc.python.module" library="lib" />
	<extension point="xbmc.addon.metadata">
		<summary>Metadata for the Placenta Addon</summary>
		<description>Metadata for Placenta are maintained separately to make distribution of the the addon itself easier/faster.</description>
		<platform>all</platform>
	</extension>
</addon>
