<?xml version="1.0" encoding="UTF-8"?>
<addon id="plugin.video.blamo" version="2.4.2" name="Death Streams" provider-name="Mr.Blamo">
    <requires>        
		<import addon="xbmc.python" version="2.19.0"/>
        <import addon="script.module.pyxbmct" version="1.1.4"/>
        <import addon="script.module.urlresolver" version="3.0.0"/>
		<import addon="script.module.metahandler" version="1.0.0" />
		<import addon="script.module.futures"/>
        <import addon="script.module.myconnpy" version="1.1.6" />
        <import addon="script.module.deathstreams"/>
		<import addon="script.module.requests" />
        <import addon="script.module.six"/>
        <import addon="script.module.dateutil"/>
    </requires>
    <extension point="xbmc.python.pluginsource" library="default.py">
        <provides>video</provides>
    </extension>
     <extension point="xbmc.service" library="service.py" start="startup"/>
    <extension point="xbmc.addon.metadata">
        <summary lang="en">Stream video from many difference sources, SALTS fork by MR.Blamo</summary>
        <summary lang="hr">Gledajte video iz različitih izvora, SALTS fork od MR.Blamo</summary>
        <summary lang="he">הזרמת וידאו ממקורות שונים רבים, פיתוח משנה של SALT על ידי MR.Blamo</summary>    
        <description lang="en">This addon uses trakt.tv for most show and movie meta data and uses a variety of websites for hoster sources</description>
        <description lang="hr">Ovaj dodatak koristi trakt.tv za većinu metapodataka filmova i TV serija a koristi različite web stranice za izvore</description>
        <description lang="he">ההרחבה הזו משתמשת ב- trakt.tv עבור רוב נתוני מידע-מטא של הסרטים והסדרות ומשתמשת במגוון אתרי אינטרנט עבור מקורות מארחים</description>
	<disclaimer lang="en">The author of this addon do not host any of the content which is found and have no affiliation with any of the content providers. This addon simply searches websites for content. Use at your own risk!</disclaimer>
	<disclaimer lang="hr">Autor ovog dodatka ne posjeduje bilo kakav sadržaj koji je pronađen i nije povezan sa bilo kojim izvorom sadržaja. Ovaj dodatak samo pretražuje sadržaj na web stranicama. Koristite ga na vlastitu odgovornost!</disclaimer>
	<disclaimer lang="he">מחבר ההרחבה הזו אינו מארח את התוכן שיתכן ויימצא ואין לו זיקה לאף אחד מספקי התוכן. הרחבה רק מחפשת תוכן שקיים באתרי אינטרנט. השימוש בהרחבה הוא על אחריותך בלבד!</disclaimer>
	<platform>all</platform>
	</extension>
</addon>
