<?xml version="1.0" encoding="UTF-8" standalone="yes"?>
<addon id="script.module.placenta" name="Placenta Module" version="1.1.5" provider-name="Team Afterbirth">
	<requires>
		<import addon="xbmc.python" version="2.1.0" />
	</requires>
	<extension point="xbmc.python.module" library="lib" />
	<extension point="xbmc.addon.metadata">
		<platform>all</platform>
		<summary lang="en">Placenta</summary>
		<description>You are welcome! - Team Afterbirth (Mr Blamo and Muad'Dib)</description>
	</extension>
</addon>
